,"aeolus,"
,"ahole,"
,"anal,"
,"analprobe,"
,"anus,"
,"ass,"
,"asses,"
,"asshat,"
,"assho1e,"
,"ass hole,"
,"assholes,"
,"assmaster,"
,"assmunch,"
,"asswipe,"
,"asswipes,"
,"azazel,"
,"azz,"
,"b1tch,"
,"babe,"
,"babes,"
,"ballsack,"
,"bang,"
,"banger,"
,"barf,"
,"bastard,"
,"bastards,"
,"beaner,"
,"beatch,"
,"beer,"
,"beeyotch,"
,"beotch,"
,"biatch,"
,"bimbo,"
,"bitch,"
,"bitched,"
,"bitches,"
,"bitchy,"
,"blow job,"
,"blow,"
,"blowjob,"
,"blowjobs,"
,"boned,"
,"boner,"
,"boners,"
,"bong,"
,"boob,"
,"boobies,"
,"boobs,"
,"booby,"
,"bootee,"
,"bootie,"
,"booty,"
,"booze,"
,"boozer,"
,"boozy,"
,"bosom,"
,"breast,"
,"breasts,"
,"bullshit,"
,"bull shit,"
,"bullshits,"
,"bullshitted,"
,"bullturds,"
,"bung,"
,"busty,"
,"butt,"
,"butt fuck,"
,"buttfuck,"
,"buttfucker,"
,"buttfucker,"
,"buttplug,"
,"chink,"
,"chink,"
,"chode,"
,"chodes,"
,"cl1t,"
,"climax,"
,"clit,"
,"clitoris,"
,"clitorus,"
,"clits,"
,"clitty,"
,"cocain,"
,"cocaine,"
,"cock,"
,"cocks,"
,"cocksmoker,"
,"cocksucker,"
,"cock sucker,"
,"coital,"
,"commie,"
,"condom,"
,"coon,"
,"coons,"
,"corksucker,"
,"crabs,"
,"crack,"
,"cracker,"
,"crackwhore,"
,"crap,"
,"crappy,"
,"cum,"
,"cummin,"
,"cumming,"
,"cumshot,"
,"cumshots,"
,"cunt,"
,"cunt,"
,"cuntface,"
,"cunthunter,"
,"cuntlick,"
,"cuntlicker,"
,"cunts,"
,"dammit,"
,"damn,"
,"damned,"
,"damnit,"
,"dawgie-style,"
,"dick,"
,"dickbag,"
,"dickhead,"
,"dickheads,"
,"dickish,"
,"diddle,"
,"dike,"
,"dildo,"
,"dildos,"
,"diligaf,"
,"dillweed,"
,"dimwit,"
,"dingle,"
,"dipship,"
,"doggie-style,"
,"doggy-style,"
,"dong,"
,"doofus,"
,"doosh,"
,"dopey,"
,"douch3,"
,"douche,"
,"douchebag,"
,"douchebags,"
,"douchey,"
,"drunk,"
,"dumass,"
,"dumbass,"
,"dumbasses,"
,"dummy,"
,"dyke,"
,"dykes,"
,"ejaculate,"
,"enlargement,"
,"erect,"
,"erection,"
,"erotic,"
,"essohbee,"
,"extacy,"
,"extasy,"
,"f.u.c.k,"
,"fack,"
,"fag,"
,"fagg,"
,"fagged,"
,"faggit,"
,"faggot,"
,"fagot,"
,"fags,"
,"faig,"
,"faigt,"
,"fannybandit,"
,"fart,"
,"fartknocker,"
,"fat,"
,"felch,"
,"felcher,"
,"felching,"
,"fellate,"
,"fellatio,"
,"feltch,"
,"feltcher,"
,"fisted,"
,"fisting,"
,"fisty,"
,"floozy,"
,"foad,"
,"fondle,"
,"foobar,"
,"foreskin,"
,"freex,"
,"frigg,"
,"frigga,"
,"fubar,"
,"fuck,"
,"f-u-c-k,"
,"fuckass,"
,"fucked,"
,"fucked,"
,"fucker,"
,"fuckface,"
,"fuckin,"
,"fucking,"
,"fucknugget,"
,"fucknut,"
,"fuckoff,"
,"fucks,"
,"fucktard,"
,"fuck-tard,"
,"fuckup,"
,"fuckwad,"
,"fuckwit,"
,"fudgepacker,"
,"fuk,"
,"fvck,"
,"fxck,"
,"gae,"
,"gai,"
,"ganja,"
,"gay,"
,"gays,"
,"gey,"
,"gfy,"
,"ghay,"
,"ghey,"
,"gigolo,"
,"glans,"
,"goatse,"
,"godamn,"
,"godamnit,"
,"goddam,"
,"goddammit,"
,"goddamn,"
,"goldenshower,"
,"gonad,"
,"gonads,"
,"gook,"
,"gooks,"
,"gringo,"
,"gspot,"
,"g-spot,"
,"gtfo,"
,"guido,"
,"h0m0,"
,"h0mo,"
,"handjob,"
,"hard on,"
,"he11,"
,"hebe,"
,"heeb,"
,"hell,"
,"hemp,"
,"heroin,"
,"herp,"
,"herpes,"
,"herpy,"
,"hitler,"
,"hiv,"
,"hobag,"
,"hom0,"
,"homey,"
,"homo,"
,"homoey,"
,"honky,"
,"hooch,"
,"hookah,"
,"hooker,"
,"hoor,"
,"hootch,"
,"hooter,"
,"hooters,"
,"horny,"
,"hump,"
,"humped,"
,"humping,"
,"hussy,"
,"hymen,"
,"inbred,"
,"incest,"
,"injun,"
,"j3rk0ff,"
,"jackass,"
,"jackhole,"
,"jackoff,"
,"jap,"
,"japs,"
,"jerk,"
,"jerk0ff,"
,"jerked,"
,"jerkoff,"
,"jism,"
,"jiz,"
,"jizm,"
,"jizz,"
,"jizzed,"
,"junkie,"
,"junky,"
,"kike,"
,"kikes,"
,"kill,"
,"kinky,"
,"kkk,"
,"klan,"
,"knobend,"
,"kooch,"
,"kooches,"
,"kootch,"
,"kraut,"
,"kyke,"
,"labia,"
,"lech,"
,"leper,"
,"lesbians,"
,"lesbo,"
,"lesbos,"
,"lez,"
,"lezbian,"
,"lezbians,"
,"lezbo,"
,"lezbos,"
,"lezzie,"
,"lezzies,"
,"lezzy,"
,"lmao,"
,"lmfao,"
,"loin,"
,"loins,"
,"lube,"
,"lusty,"
,"mams,"
,"massa,"
,"masterbate,"
,"masterbating,"
,"masterbation,"
,"masturbate,"
,"masturbating,"
,"masturbation,"
,"maxi,"
,"menses,"
,"menstruate,"
,"menstruation,"
,"meth,"
,"m-fucking,"
,"mofo,"
,"molest,"
,"moolie,"
,"moron,"
,"motherfucka,"
,"motherfucker,"
,"motherfucking,"
,"mtherfucker,"
,"mthrfucker,"
,"mthrfucking,"
,"muff,"
,"muffdiver,"
,"murder,"
,"muthafuckaz,"
,"muthafucker,"
,"mutherfucker,"
,"mutherfucking,"
,"muthrfucking,"
,"nad,"
,"nads,"
,"naked,"
,"napalm,"
,"nappy,"
,"nazi,"
,"nazism,"
,"negro,"
,"nigga,"
,"niggah,"
,"niggas,"
,"niggaz,"
,"nigger,"
,"nigger,"
,"niggers,"
,"niggle,"
,"niglet,"
,"nimrod,"
,"ninny,"
,"nipple,"
,"nooky,"
,"nympho,"
,"opiate,"
,"opium,"
,"oral,"
,"orally,"
,"organ,"
,"orgasm,"
,"orgasmic,"
,"orgies,"
,"orgy,"
,"ovary,"
,"ovum,"
,"ovums,"
,"paddy,"
,"paki,"
,"pantie,"
,"panties,"
,"panty,"
,"pastie,"
,"pasty,"
,"pcp,"
,"pecker,"
,"pedo,"
,"pedophile,"
,"pedophilia,"
,"pedophiliac,"
,"pee,"
,"peepee,"
,"penetrate,"
,"penetration,"
,"penial,"
,"penile,"
,"penis,"
,"perversion,"
,"peyote,"
,"phalli,"
,"phallic,"
,"phuck,"
,"pillowbiter,"
,"pimp,"
,"pinko,"
,"piss,"
,"pissed,"
,"pissoff,"
,"piss-off,"
,"pms,"
,"polack,"
,"pollock,"
,"poon,"
,"poontang,"
,"porn,"
,"porno,"
,"pornography,"
,"pot,"
,"potty,"
,"prick,"
,"prig,"
,"prostitute,"
,"prude,"
,"pube,"
,"pubic,"
,"pubis,"
,"punkass,"
,"punky,"
,"puss,"
,"pussies,"
,"pussy,"
,"pussypounder,"
,"puto,"
,"queaf,"
,"queef,"
,"queef,"
,"queer,"
,"queero,"
,"queers,"
,"quicky,"
,"quim,"
,"racy,"
,"rape,"
,"raped,"
,"raper,"
,"rapist,"
,"raunch,"
,"rectal,"
,"rectum,"
,"rectus,"
,"reefer,"
,"reetard,"
,"reich,"
,"retard,"
,"retarded,"
,"revue,"
,"rimjob,"
,"ritard,"
,"rtard,"
,"r-tard,"
,"rum,"
,"rump,"
,"rumprammer,"
,"ruski,"
,"s.h.i.t.,"
,"s.o.b.,"
,"s0b,"
,"sadism,"
,"sadist,"
,"scag,"
,"scantily,"
,"schizo,"
,"schlong,"
,"screw,"
,"screwed,"
,"scrog,"
,"scrot,"
,"scrote,"
,"scrotum,"
,"scrud,"
,"scum,"
,"seaman,"
,"seamen,"
,"seduce,"
,"semen,"
,"sex,"
,"sexual,"
,"sh1t,"
,"s-h-1-t,"
,"shamedame,"
,"shit,"
,"s-h-i-t,"
,"shite,"
,"shiteater,"
,"shitface,"
,"shithead,"
,"shithole,"
,"shithouse,"
,"shits,"
,"shitt,"
,"shitted,"
,"shitter,"
,"shitty,"
,"shiz,"
,"sissy,"
,"skag,"
,"skank,"
,"slave,"
,"sleaze,"
,"sleazy,"
,"slut,"
,"slutdumper,"
,"slutkiss,"
,"sluts,"
,"smegma,"
,"smut,"
,"smutty,"
,"snatch,"
,"sniper,"
,"snuff,"
,"sodom,"
,"souse,"
,"soused,"
,"sperm,"
,"spic,"
,"spick,"
,"spik,"
,"spiks,"
,"spooge,"
,"spunk,"
,"steamy,"
,"stiffy,"
,"stoned,"
,"strip,"
,"stroke,"
,"stupid,"
,"sucked,"
,"sucking,"
,"tard,"
,"teabagging,"
,"teat,"
,"terd,"
,"teste,"
,"testee,"
,"testes,"
,"testicle,"
,"testis,"
,"thrust,"
,"thug,"
,"tinkle,"
,"tit,"
,"titfuck,"
,"titi,"
,"tits,"
,"tittiefucker,"
,"titties,"
,"titty,"
,"tittyfuck,"
,"tittyfucker,"
,"tramp,"
,"trashy,"
,"turd,"
,"tush,"
,"twat,"
,"twats,"
,"uzi,"
,"vag,"
,"vagina,"
,"valium,"
,"viagra,"
,"virgin,"
,"vixen,"
,"vodka,"
,"vomit,"
,"whore,"
,"whorehouse,"
,"whores,"
,"whoring,"
